label,id
(((AF))),0
14 Bis,1
1923 Autopiano Player Piano,2
2 Caras,3
20 Sucessos SomZoom,4
5-30,5
6b,6
8A,7
9 Miller,8
A Barca,9
A Cor Do Som,10
A.I Records Original Artists,11
A.S2,12
AVC,13
Aaron Behrens of Ghostland Observatory,14
Abdias,15
Abel Ferreira,16
Abilio Farias,17
Absolute Darkness,18
Abysmal Dawn,19
Acarajé Com Camarão,20
Acácio,21
Ada Pasternak,22
Adamastor,23
Adelino Nascimento,24
Adelmario Coelho,25
Adelson Viana,26
Ademilde Fonseca,27
Adoniran Barbosa,28
Adriana Calcanhotto,29
Adriana Partimpim,30
Adão Negro,31
Adílson Ramos,32
African Tribal Orchestra,33
Agepê,34
Agir,35
Agnaldo Timoteo,36
Aildo do pandeiro,37
"Ailton Reiner, Fred Mendez",38
Airto Moreira,39
Al Walsh,40
Alcalyno,41
Alceu Valença,42
Alcione,43
Alcool Club,44
Alcymar Monteiro,45
Alemão Do Forró,46
Alemão E Zezo Ribeiro,47
Alex,48
Alex Corrente,49
Alex Von Linden,50
Alexandre Guerra,51
Aline Duran,52
Aline Mel e Forró na Veia,53
Allejandro E Forro Duquesa,54
Alma Djem,55
Almir Guineto,56
Almir Rouche,57
Almir Sater,58
Altamiro Carrilho,59
Altemar Dutra,60
Alípio Martins,61
Amado Batista,62
Amado Edilson,63
Amadou & Mariam,64
Amazan,65
Amelinha,66
Amilton Lelo,67
Amparanoia,68
Ana Cañas,69
Analog Drink,70
Anastácia,71
Andachan,72
Anderson & Vei da Pisadinha,73
Andrea La Rose,74
André & Andrade,75
André Rio,76
Anelis Assumpção,77
Angela Maria,78
Angela Ro Ro,79
Angelo Boss,80
Angu,81
Anisio Silva,82
Anjinho dos Teclados,83
Anjo Azul,84
Anori Music,85
Anselmo Lopez,86
Anselmo Ralph,87
Anti-Social Music,88
Anton & The Colts,89
Antonio Barros,90
Antonio Marcos,91
Anttex and The Motherfunkin' Clik,92
Antônio Nóbrega,93
Ara Ketu,94
Aracy Cortes,95
Aracy de Almeida,96
Arismar Do Espírito Santo,97
Arkaya,98
Arkiteto,99
Arleno Farias,100
Armand Hammer,101
Armandinho,102
Arnaldo Antunes,103
Arnaldo Baptista,104
Arrasta Pé,105
Arreio de Ouro,106
Arriba Saia,107
Arrigo Barnabé,108
Arthur Moreira Lima,109
Ary Barroso,110
Ary Cordovil,111
Ary Lobo,112
Asa De Águia,113
Asas Livres,114
Asas Morenas,115
Assisão,116
Ataulfo Alves,117
Atim,118
Audiunión,119
Augusto César,120
Aunjel Adams,121
Aureliah Milagres,122
Auricular & DJ Fabio,123
Aurora & The Betrayers,124
Avine Vinny,125
Aviões do Arrocha,126
Aviões do Forró,127
Awa Ly,128
Axess,129
Azagaia,130
Azulão,131
B Skilla,132
B-Dawg,133
BARRAS,134
BSB Disco Club,135
BW JACK,136
Badem Powell,137
Baden Powell,138
Baden Powell Trio,139
Baden Powell de Aquino,140
Badlands,141
Baiano E Os Novos Caetanos,142
Balaio de Gatos,143
Banda 100 Parêa,144
Banda A Favorita,145
Banda A Loba,146
Banda Aquárius,147
Banda Bastião,148
Banda Beijo Bhom,149
Banda Black Rio,150
Banda Boa Toda,151
Banda Calcinha Preta,152
Banda Calypso Do Pará,153
Banda Carícias,154
Banda Cascavel,155
Banda De Pau E Corda,156
Banda De Pifanos De Caruaru,157
Banda Devagarinho,158
Banda Domínio,159
Banda Eddie,160
Banda Encantu's,161
Banda Eva,162
Banda Fazendo Arte,163
Banda Forro Maior,164
Banda Garota Safada,165
Banda Kakana,166
Banda Kassikó,167
Banda Kit Ilusão,168
Banda Labaredas,169
Banda Líbanos,170
Banda Magníficos,171
Banda Mancha de Batom,172
Banda Mantiqueira,173
Banda Mesa de Bar,174
Banda Metade,175
Banda Municipal Do Recife,176
Banda Musa,177
Banda Ovelha Negra,178
Banda Paixão di Vaqueiro & Maike Alan,179
Banda Playback,180
Banda Sedutora,181
Banda Skema,182
Banda Styllus,183
Banda Só Brega,184
Banda Tanakara,185
Banda Tatuagem,186
Banda Torpedo,187
Banda Violão de Ouro,188
Banda Xeiro Verde,189
Banda do Ratinho,190
Banda-Fôrra,191
Bangaladex,192
Barbara Phaneuf,193
Barca dos Corações Partidos,194
Baroas Da Pisadinha,195
Barros De Alencar,196
Bartô Galeno,197
Basement Beers,198
Bastinho Calixto,199
Batatinha,200
Batista do acordeon,201
BatteryDead,202
Batutas de São José,203
Beatrice Deer,204
Beatriz Lopez,205
Bebeto,206
Bebê Kramer,207
Bebê Kramer Quarteto,208
Bel air de Forro,209
Belchior,210
Belive People,211
Belo,212
Belphegor,213
Ben Demerath,214
Benito Di Paula,215
Benjamin Morando,216
Benji Kaplan,217
Benício Guimarães,218
Berg Rabelo,219
Berna,220
Bernadete França,221
Beth Carvalho,222
Beto Barbosa,223
Beto Dias,224
Beto Guedes,225
Better Way To Live,226
Bezegol,227
Bezerra Da Silva,228
Bicho de Pé,229
Big Kriz,230
Big Rome,231
Big Up,232
Billy Health Songs,233
Biquini Cavadão,234
Birro,235
Bispo,236
Black,237
Black Banda,238
Black Blood,239
Black Mastah,240
Black Phoenix,241
Black do acordeon,242
Blasph,243
Blasph & Beware Jack,244
Blasted Mechanism,245
Blyelle Horngacher,246
Bob Da Rage Sense,247
Boca Livre,248
Boiling Brothers,249
Bokaloka,250
Bom Gosto,251
Bomberjack,252
Bonde Sertanejo,253
Bonde do Brasil,254
Bonde do Maluco,255
Bonde dos Playboys,256
Boom Chr Paige,257
Boots Factor,258
Borba De Paula,259
Boss AC,260
Bozon Higgs,261
Braguinha,262
Brasas do Forró,263
Brazilian Octopus,264
Breed Street Rookies,265
Brenda Fassie,266
Brian Fechino,267
Brooks Wood Band,268
Bruce Lose,269
Bruna Caram,270
Bryan Wilson,271
Bugallu,272
Burn The Mankind,273
Burnley Vest,274
Buscapé,275
Buster Bitz,276
C.V. Jørgensen,277
CLASSE CRUA,278
COLÓNIA CALÚNIA,279
Cabruêra,280
Caburé,281
Cacau Com Leite,282
Cachoeira,283
Cachorra da Mulesta,284
Caetano Veloso,285
Caiana,286
Caio Márcio,287
Caixa Toráxica,288
Caju e Castanha,289
Calango Aceso,290
Calcinha Preta,291
Calypso Rose,292
Caló Pascoal,293
Camerata Carioca,294
Camilo Domingos,295
Camisa Suada,296
Candeia,297
Cangaia de Jegue,298
Caninana,299
Canindé,300
Canta Bahia,301
Canto 4,302
Canários do Reino,303
Capiba,304
Capicua,305
Capital Cult,306
Capital Do Sol,307
Capital Inicial,308
Cari Wojichowski,309
Cariciar,310
Carlim Alves,311
Carlinhos Vergueiro,312
Carlito Gomes,313
Carlos Alexandre,314
Carlos Andre,315
Carlos Araujo,316
Carlos Cachaca,317
Carlos Capacho,318
Carlos Galhardo,319
Carlos Gonzaga,320
Carlos Jose,321
Carlos Lyra,322
Carlos Mais,323
Carlos Malta,324
Carlos Santos,325
Carlos Vudú y el Clan Jukebox,326
Carmen Costa,327
Carmen Silva,328
Carolina Cardoso de Menezes,329
Carro Bomba,330
Carta de Baralho,331
Cartola,332
Cascabulho,333
Casper Locs,334
Cassiano,335
Casuarina,336
Cataia,337
Catuaba Com Amendoim,338
Cauby Peixoto,339
Cavaleiros do Forró,340
Cavalo De Pau,341
Caviar Com Rapadura,342
Celebridades do Forró,343
Celleste,344
Celso,345
Celsopp,346
Cemitério,347
Centrino,348
Ceschi,349
Cezzinha,350
Chama Chuva,351
Chaos Trigger,352
Charles Pasi,353
Charlie Brown Jr.,354
Charlys Da Rocinha,355
Chasen Hampton,356
Che Sudaka,357
Cheiro de Amor,358
Cheiro de Menina,359
Chemnitz,360
Chewy Puma,361
Chicabana,362
Chicha Libre,363
Chiclete Com Banana,364
Chico Buarque,365
Chico Chagas,366
Chico César,367
Chico Di Pessoa,368
Chimarruts,369
Chinelo de Couro,370
Chitrili,371
Chorinho do Capibaribe,372
Choro & Companhia,373
Chorões da Pauliceia,374
Chris Robinson Brotherhood,375
Christine Michael,376
Chullage,377
Churupaca,378
Cidade Negra,379
Cidadão Instigado,380
Circuito Musical,381
Circuladô de Fulô,382
Clara Nunes,383
Clare Southworth,384
Claude Marchal,385
Claudinho & Buchecha,386
Claudio Fontana,387
Claudio Rios,388
Claudionor Germano,389
Claustrofobia,390
Clementina De Jesus,391
Clemilda,392
Clube Do Balanço,393
Cláudio Rabeca,394
Clã da Matarroa,395
Cobraverde,396
Cocepcion G. Canete,397
Coco Romero,398
Coisa de Zé,399
Collo de Menina,400
Colpi Repentini,401
Comadre Florzinha,402
Companhia Do Forró,403
Companhia do Calypso,404
Conde Só Brega,405
ConeCrewDiretoria,406
Conjunto Classe A,407
Conjunto Época de Ouro,408
Connexx,409
Conspiracy,410
"Continentino, Amuedo e Senise",411
Contu Nobo,412
Conversa de Cordas,413
Coral Bloco da Saudade,414
Coral Edgard Moraes,415
Coral Misto Mocambo,416
Corcovado Experience,417
Cordão Do Boitatá,418
Corisco do Trovão,419
Costinha,420
Crabcorps,421
Creakin' John Moon,422
Crewcial,423
Cristiano Neves,424
Cristina Amaral,425
Cristina Buarque,426
Cristóvão Bastos,427
Crowfield,428
Cumbia Twins,429
Curumin,430
Cuti & Roberto Carabajal,431
Cyro Monteiro,432
Cálculo,433
Cássia Eller,434
Céu,435
D'Akokkan,436
D.J.GOLUBb,437
D2 Featuring Dan Diamond,438
DJ Bomberjack,439
DJ CRUZFADER,440
DJ Dias Rodrigues,441
DJ Ivis,442
DJ Maluco,443
DJ Nel'Assassin,444
DJ Núcleo,445
DJ Pasta,446
DJ Sas,447
DJ Yuri,448
DRIPPY,449
Da Blazz,450
Da Weasel,451
Daczi Zsolt,452
Daduh King,453
Dadá Boladão,454
Dalto,455
Dalva De Oliveira,456
Dama Bete,457
Damani Van Dunem,458
Dan Donovan,459
Dan Sanscrainte,460
Dancing Mood,461
Dandy Wolf,462
Daniel Kerr,463
Daniel Patiño Quintana,464
Daniela Mercury,465
Danielzinho & René,466
Danilo Caymmi,467
Danny L,468
DarkRoom Familia,469
Daudi Kabaka,470
Davi Firma,471
David Bruno,472
Dazaranha,473
Dealema,474
Decisive Abandonment,475
Dedim Gouveia,476
Dee Cisneros,477
Deepbreath,478
Delmiro Barros,479
Dengaz,480
Denin Rei,481
Denis Graça,482
Deo Rian,483
Derrick Thomas,484
Desejo De Menina,485
Deski,486
Destino San Javier,487
Detonautas Roque Clube,488
Dhéssica Rauana,489
Di Melo,490
Diamond Platnumz,491
Diana,492
Dick Farney,493
Dicró,494
Dida,495
Dida Pelled,496
Diego Oliveira,497
"Dieguito, Guadiana, Paco Pena",498
Digital Man,499
Dilermando Reis,500
Dilsinho,501
Dimas e Seus Teclados,502
Dinamite do Forró,503
Dino Rangel,504
Diogo Menasso,505
Diogo Nogueira,506
Dirceu Leite,507
Disco Club,508
Diwonova,509
Dj Bodysoul,510
Dj Glue,511
Dj Junior,512
Djavan,513
Djen,514
Djey B,515
Dji Tafinha,516
Djimetta,517
Djodje,518
DnG,519
Doce Encontro,520
Dois Dobrado,521
Dolores Duran,522
Dom Mac 1º,523
Dom Salvador,524
Dom Um Romao,525
Domenico Lancellotti,526
Dominguinhos,527
Don Kikas,528
Don Maliko,529
Dona Ivone Lara,530
Dona Selma,531
Dona Zaíra,532
Donny Silva,533
Dorgival Dantas,534
Dori Caymmi,535
Dorival Caymmi,536
Doug Harris,537
Douglas Aldridge,538
Dr. Dream,539
Dr. Shinto,540
Dr. T C Cheng,541
Dream'ed,542
Drunk Master,543
Du Lima,544
Duas Caras,545
Dudu Nobre,546
Duncecap,547
Duprix,548
Duquinha,549
Durval,550
Dy Bryan,551
Déo Seresteiro,552
Earthquake Lights,553
Eddu,554
Eddy Marcano,555
Edimilson Batista,556
Edinho Pakera O Barão Da Pisadinha,557
Edison Machado,558
Ednardo,559
Edson Duarte,560
Edson Gomes,561
Edson Lima,562
Edson Lima Gatinha Manhosa,563
Edson Lima e Gatinha Manhosa,564
Edson Lima e o Forró Gatinha Manhosa,565
Edu Da Gaita,566
Edu Lobo,567
Edu Ribeiro,568
Eduardo Neves,569
Eduardo Queiroz,570
Edy e Nathan,571
Edyr Vaqueiro,572
Egberto Gismonti,573
Egon Soda,574
El Indio Lucio Rojas,575
El príncipe y nico davis,576
Elba Ramalho,577
Elecdruids,578
Electrotete,579
Elenco de Luxo,580
Elias Belmiro,581
Elias Lemoon,582
Elino Julião,583
Elis Regina,584
Elizeth Cardoso,585
Elizio,586
Elji Beatzkilla,587
Elle Belga,588
Elomar,589
"Elomar, Geraldo Azevedo, Vital Farias e Xangai",590
"Elomar, Geraldo Azevedo, Vital Farias, Xangai",591
Elton Medeiros,592
Elza Soares,593
Emotive,594
Emílio Santiago,595
Encoffined,596
Enoque do acordeon,597
Erasmo Carlos,598
Erasto Vasconcelos,599
Eric Albert,600
Eric Blair and the Absolute Nothings,601
Eric Green,602
Eric Wainaina,603
Erivaldinho do acordeon,604
Erlon Chaves,605
"Ernesto, Abram, & Santiago Moreno",606
Estival,607
Estraca,608
Ethel Hunter,609
Evaldo Braga,610
Evaldo Cardoso,611
Evaldo Freire,612
Evaldo Gouveia,613
Evandro Do Bandolim,614
Every Second Friday,615
Ex-Peão,616
Exaltasamba,617
Expedito Baracho,618
Expensive Soul,619
Expressão Regueira,620
F.A.N.S.,621
FC Porto FanChants,622
FINNi,623
FUNKID,624
Fabiana Cozza,625
Factor Activo,626
Factos Reais,627
Facundo Toro,628
Fafá de Belém,629
Fagner,630
Falamansa,631
Falcão,632
Farao,633
Fashion Victim,634
Fatima Marques,635
Fehja,636
Felipão,637
Felipão & Forró Moral,638
Fernanda Abreu,639
Fernanda Takai,640
Fernando J. Obradors,641
Fernando Mendes,642
Fernando Pisadinha,643
Fernando Terra,644
Ferro Gaita,645
Ferro na Boneca,646
Ferrugem,647
Ferry,648
Ferry RBL,649
Fidbek,650
Filipão E Forró Moral,651
Filosofia Reggae,652
Filpo Ribeiro e a Feira do Rolo,653
Fino Coletivo,654
Fizz Escobarra,655
Flavio Leandro,656
Flavio Venturini,657
Flor De Cheiro,658
Flor de Pedra,659
Flotilha em Alta-terra,660
Flávio José,661
Footmovin',662
Forro In The Dark,663
Forro do Bota Bota,664
Forrobamba,665
Forrozao Baby Som - Canta Com O Povo Ao Vivo,666
Forrozão Baby Som,667
Forrozão Brega E Vinho,668
Forrozão Ferro na Boneca,669
Forrozão Tropykalia,670
Forroçacana,671
Forrueiros,672
Forró 100 Preconceito,673
Forró Anjo Azul,674
Forró Balancear,675
Forró Bemtivi,676
Forró Boys,677
Forró Cheiro de Menina,678
Forró Chicote,679
Forró Cintura de Mola,680
Forró Collo de Menina,681
Forró De KA,682
Forró Gatinha Manhosa,683
Forró Lenhada,684
Forró Limão Com Mel,685
Forró Maior,686
Forró Mania,687
Forró Mulher Chorona,688
Forró Paratodos,689
Forró Pegado,690
Forró Perfeito,691
Forró Raiz,692
Forró Rasta Chinela,693
Forró Real,694
Forró Remexe,695
Forró Saborear,696
Forró Sacode,697
Forró Total,698
Forró Zabumbada,699
Forró da Brucelose & Gilson Neto,700
Forró de Aço,701
Forró de Lua,702
Forró de Qualidade,703
Forró do HF,704
Forró do Muido,705
Forró dos Plays,706
Força Suprema,707
Francesco Cremisini,708
Francis Hime,709
Francis Lopes,710
Francisco Alves,711
Francisco Carlos,712
Francisco Egydio,713
Francisco Vidal,714
Frank Aguiar,715
Frankito Lopes,716
Fred Dantas & Ailton Reiner,717
Frejat,718
Fulô de Mandacaru,719
Fundodamente,720
Furacão do Forró,721
Fuse,722
Fábio Carneirinho,723
Fábio Diniz,724
Fábio Jr.,725
Fínix MG,726
G-Amado,727
G2,728
GODDAMNIT,729
GROGNation,730
GUS,731
Gabi Fernandes,732
Gabriel Diniz,733
Gabriel Grossi,734
Gabriel O Pensador,735
Gabriell,736
Gabrielzinho Do Irajá,737
Gaia Groove,738
Gal Costa,739
Galego Aboiador,740
Galina Petrova,741
Galo Preto,742
Galo da Madrugada,743
Gama,744
Gandhi,745
Ganeshas,746
Gangrena Gasosa,747
Garoto,748
Gatinha Manhosa,749
Gaviões do Forró,750
Geb One,751
Genaro & Walkyria,752
Genaro Codina,753
Gender Bender,754
Geninho Batalha,755
Genival Lacerda,756
Genival Santos,757
Genovitor,758
Geraldinho Lins,759
Geraldo Azevedo,760
Geraldo Pereira,761
Geraldo Vandre,762
Ghoya,763
Giannini Alencar,764
Gil Mendes,765
Gil Semedo,766
Gilberto Gil,767
Gilliard,768
Gilyto,769
Gino Liver,770
Gitana Pimentel,771
Glen Rice,772
Gleydson Gavião,773
God's Own Drunk,774
Goldencarr,775
Gonvatto,776
Gonzaguinha,777
Gonzalo Gravina,778
Googie,779
Gordurinha,780
Gosto Delicado,781
Governo Sombra,782
Gpro,783
Grace Evora,784
Grant Garland,785
Greg Merkle,786
Groove Addiction,787
Grupo Arrocha,788
Grupo Centaurus,789
Grupo Clareou,790
Grupo Cupuacu,791
Grupo Do Pixinguinha,792
Grupo Fundo De Quintal,793
Grupo Revelação,794
Grupo Vou Vivendo,795
Guardiões Do Subsolo,796
Guentaê!,797
Guilherme Arantes,798
Guinga,799
Guitarreros,800
Gustavo Pena,801
Guto Wirtti e seu Conjunto,802
Gutto,803
H.A.P.,804
HORNIT,805
Hailey Tuck,806
Haka,807
Halloween,808
Hallux,809
Hallux Makenzo,810
Hamilton De Holanda,811
Hammurabi,812
Hans Jukkup Tunissutaa,813
Hardcorepornmusic,814
Hashell,815
Haylton Dias,816
Heal Minds,817
Heatwaves,818
Heilig,819
Helen Webb,820
Helio Batalha,821
Hendrik Röver,822
Henrique Araújo,823
Henrique Cazes,824
Henrique Cazes & Família Violão,825
"Henrique Cazes, Marcello Gonçalves",826
Henry Freitas,827
Heraldo Do Monte,828
Herivelto Martins,829
Herman Klang,830
Hermeto Pascoal,831
Hernani,832
"Hernán Gamboa ""El Cuatro de Venezuela""",833
HipnoD,834
Hold Tight!,835
Holly Hood,836
Hologram Earth,837
Homeboy Sandman,838
Hot Blaze,839
Howe Gelb,840
Hugo Fattoruso & Rey Tambor,841
Hugo Fattoruso Y El Rey Tambor,842
Hundred Dollar Cigar,843
Hyldon,844
Ibrahim Ferrer,845
Ida Sand,846
Ikonoclasta,847
Iman Iran,848
Imma Sumack,849
Imperial Crown,850
Inconnu,851
Indra Rios-Moore,852
Infamous & VRZ,853
Infected Mind,854
Iniciado,855
Inimigos Da HP,856
Inmortales,857
Inneruulat,858
Inspector Mórbido,859
Intense Sanity,860
Ira!,861
Irah Caldeira,862
Irit Dekel,863
Isabella Taviani,864
Isaura Garcia,865
Isidora,866
Itamar Assumpção,867
Ivan Alejandro,868
Ivan Lins,869
Ivete Sangalo,870
Ivonne Guzmán,871
Iván Pérez Rossi,872
J & B,873
J.C. Bazan,874
JJ Grey & Mofro,875
JM Puxado,876
JOHNNY B. ZERO,877
Jacinto Silva,878
Jackpot BCV,879
Jackson Do Pandeiro,880
Jacky Terrasson,881
Jacob Do Bandolim,882
Jacob do Bandolim e Regional do Canhoto,883
Jacques Bourgade,884
Jah Live,885
Jair Alves,886
Jair Rodrigues,887
Jamelão,888
Jammil,889
Jan Koetsier,890
Janina And The Deeds,891
Jards Macalé,892
Jared,893
Jason And The Beast,894
Jay Wagner,895
Jeanne Lima,896
Jeebee,897
Jeff Golub,898
Jeff Labar,899
Jeito Moleque,900
Jennifer Dias,901
Jens Kleist,902
Jenseeraq,903
Jeoba,904
Jerry Adriani,905
Jerry Honigman,906
Jim Allchin,907
Joan Rochette,908
Joao Dias,909
Joao Do Vale,910
Joaozinho Do Exu,911
Joci Batista,912
Jodie Levinson,913
Joe Gande,914
Joe Graydon,915
Joe Wood,916
Joel Nascimento,917
John Diaz,918
John Pippus,919
John Thomason,920
Johnny Alf,921
Johnny Def,922
Johnny Ganza,923
Johnny Ramos,924
Jonas Esticado,925
Jonathan Robinson,926
Jonathan Silva,927
Jonnhy Ganza,928
Jonny Breakwell,929
Jorge Amorim,930
Jorge Aragão,931
Jorge Ben Jor,932
Jorge Costa Show,933
Jorge De Altinho,934
Jorge Mautner,935
Jorge Neto,936
Jorge Veiga,937
Jorge Vercillo,938
Jorge do Rojão,939
Jose Ignacio Lapido,940
Josildo Sá,941
José Augusto,942
José Menezes,943
José Orlando,944
José Ribeiro,945
José Rodrigues,946
Jota Quest,947
Joyce,948
João Bandeira,949
João Bosco,950
João Donato,951
João Donato E Seu Trio,952
João Felippe,953
João Gonçalves,954
João Nabuco,955
João Rabello,956
João Tamura,957
Jr,958
Jules' Mescaline,959
Julian Maeso,960
Julie,961
Julio Nascimento,962
Junio Barreto,963
Junior (Portuguese Group),964
Junior MacKenzie,965
Junior Vianna,966
Jussara Silveira,967
Justino Delgado,968
Justino Ubakka,969
Juçara Marçal e Kiko Dinucci,970
K-Ximbinho,971
KBA,972
Ka Tha Brabo,973
Kacetado,974
Kaik Gois,975
Kalibrados,976
Kanda Bongo Man,977
Kappa Jotta,978
Kara Veia,979
Karina Buhr,980
Karlon,981
Kart Love,982
Katia De Troia,983
Katinga Mc,984
Ken Thomson,985
Kenny Segal,986
Keso,987
Kevin Johansen,988
Key Biscayne,989
Kid Mc,990
Kiili,991
Kiko Dinucci,992
Kiko Horta,993
Kimberly,994
Kimmernaq,995
King Kong Magnetics,996
Kirsty McGee,997
Kizomba,998
Kleiton & Kledir,999
Komia,1000
Konde,1001
Kontroversia,1002
Korzus,1003
KosmicFlux,1004
Kosmikilla,1005
Krisiun,1006
Kristóman,1007
Kurt Buschmann,1008
L'Attirail,1009
L-Ali,1010
La Escafandra,1011
La Rue Kétanou,1012
La Yegros,1013
La Yunta,1014
Lado Obscuro,1015
Lagosta Bronzeada,1016
Lairton,1017
Lairton e Seus Teclados,1018
Lana Bittencourt,1019
Landim,1020
Laninha Show,1021
Lauana Prado,1022
Laura Theodore,1023
Laylizzy,1024
Lea Ben Sassón,1025
Leandro Lovato,1026
Leftover Salmon,1027
Leila Pinheiro,1028
Leila Silva,1029
Lelepistrin,1030
Lenine,1031
Leny Andrade,1032
Leo & Leandro,1033
Leo Estakazero,1034
Leo Jaime,1035
Leoes De Israel,1036
Leoni,1037
Les Wanyika,1038
Lhast,1039
Lia de Itamaracá,1040
Life Signs,1041
Liima Inui,1042
Lil Coner,1043
Lil Raider,1044
Limão Com Mel,1045
Lince,1046
Linda & Co.,1047
Lindomar Castilho,1048
Liricaos,1049
Lisa Bassenge,1050
Lisa Simone,1051
Lizha James,1052
Loony Johnson,1053
Loopstep,1054
Loreta Kba,1055
Los 3 Del Río,1056
Los 4 de Salta,1057
Los Bastos Gatos Do Beko,1058
Los Changos,1059
Los Del Yerbal,1060
Los DelTonos,1061
Los Estanques,1062
Los Guaranis,1063
Los Guaraníes,1064
Los Inseparables,1065
Los Rojas,1066
Los Sacheros,1067
Los Sauzales,1068
Louro Santos,1069
Lt Headtrip,1070
Luan Estilizado,1071
Luanzinho Moraes,1072
Lucas Santtana,1073
Luciana Mello,1074
Luciana Rabello,1075
Lucy Alves,1076
Luiz Fidélis,1077
Luiz Gonzaga,1078
Luiz Melodia,1079
Luiz Tatit,1080
Luiza Possi,1081
Luizinho De Iraucuba,1082
Lulu Santos,1083
Lupicínio Rodrigues,1084
Luso,1085
Luz Buena,1086
Lô Borges,1087
M & The Congregation,1088
M.A.C,1089
MARCOS BEST,1090
MC Ary,1091
MC Cego Abusado,1092
MC Y2k,1093
METTA,1094
Maasi,1095
Maciel Melo,1096
Maciel Salú,1097
Macucos,1098
"Mad Malcolm Productions, Inc.",1099
Madkutz,1100
Maestro Duda e Sua Orquestra,1101
Magníficos,1102
Mala Mansa,1103
Malia,1104
Malla 100 Alça,1105
Malone Monteiro,1106
Mama's Cookin',1107
Manhoso,1108
Mano Negra,1109
Mano Walter,1110
Manu Chao,1111
Manuel Moreira,1112
Mané Do Baião,1113
Mara Pavanelly,1114
Maradox,1115
Maradox 1º,1116
Marc Vallee Trio,1117
Marcelo Bernardes,1118
Marcelo Caldi,1119
Marcelo Camelo,1120
Marcelo D2,1121
Marcelo Marrone,1122
Marcelo Vianna,1123
Marco Granados,1124
Marco Pereira,1125
Marcus Viana,1126
Maria Bethânia,1127
Maria Clara,1128
Maria Creuza,1129
Maria Gadú,1130
Maria Rita,1131
Maria Teresa Madeira,1132
Marian Kuprat,1133
Mariana Aydar,1134
Mariana Lucía,1135
Maricenne Costa,1136
Mariene De Castro,1137
Marina De La Riva,1138
Marina Lima,1139
Marina Peralta,1140
Marinalva,1141
Marines,1142
Marinês E Sua Gente,1143
Mario Reis,1144
Marisa Monte,1145
Mark Exodus,1146
Mark M. Dawson,1147
Maroon Commandos,1148
Mart'nália,1149
Martinha,1150
Martinho Da Vila,1151
Marysa,1152
Mascarenhas,1153
Maskavo,1154
Mastruz Com Leite,1155
Matacos,1156
Matias Damásio,1157
Mato Seco,1158
MatoZoo,1159
Mauricio Reis,1160
Maurício Carrilho,1161
Maya Cool,1162
Mbilia Bel,1163
Mc Elvis,1164
Mc Roginho,1165
Meh,1166
Meirelles E Os Copa 5,1167
Meketréfe,1168
Mel Com Terra,1169
Melanie De Biasio,1170
Menina do Céu,1171
Messias Holanda,1172
Mestre Ambrósio,1173
Mestre Zinho,1174
Mestrinho,1175
Metamorfiko,1176
Mexe Ville,1177
Mgdrv,1178
Micas Cabral,1179
Micatone,1180
Michael Colquhoun,1181
Michael Houser,1182
Michael Mertens (Propaganda) & Beppe Loda (MC1),1183
Michele Andrade,1184
Mickey Wynne,1185
Miguel Luz,1186
Mika Mendes,1187
Mikas Cabral,1188
Mike El Nite,1189
Mike Marshall & Choro Famoso,1190
Miltinho Edilberto,1191
Miltinho Rodrigues,1192
Milton Banana Trio,1193
Milton Nascimento,1194
Mind da Gap,1195
Mini God KK,1196
Minivan Blues Band,1197
Minus & MrDolly,1198
Mirowsky,1199
Miúcha,1200
Mk Nocivo,1201
Moacir Santos,1202
Moacyr Franco,1203
Mojo Barrel,1204
Moleca 100 Vergonha,1205
Mombasa Roots,1206
Monarco,1207
Monkey Montage,1208
Monobloco,1209
Monster Jinx,1210
Monster Violence,1211
Moraes Moreira,1212
Morcegos Da Morte,1213
Moreira Da Silva,1214
Moser Woods,1215
Mota JR,1216
Motorzinho dos Teclados,1217
Mr. Bow,1218
Mr.Morrinson,1219
Mulheres Perdidas,1220
Mundo Livre S/A,1221
Mundo Secreto,1222
Mundo Segundo,1223
Musa do Calypso,1224
Mysterious Life,1225
Márcia Fellipe,1226
Márcio Greyck,1227
Márcio José,1228
Mônica Salmaso,1229
N-616,1230
NBC,1231
NERVE,1232
NGA,1233
NORTHERN EXPOZURE,1234
Nacho Prado Y Daniel Campos,1235
Nadia Sheikh,1236
Nailor Proveta,1237
Nana Caymmi,1238
Nando Cordel,1239
Nando Reis,1240
Naneruaq,1241
Nanook,1242
Naná Vasconcelos,1243
Nara Leão,1244
Nathalia Bellar,1245
Natiruts,1246
Native Run,1247
Nativos,1248
Naua,1249
Naughty Ganja,1250
Nação Regueira,1251
Nação Zumbi,1252
Nações Diversas,1253
Needle Dik ’80 (Columbia University),1254
Nei Lopes,1255
Neil FitzGerald,1256
Nelson Cavaquinho,1257
Nelson Faria,1258
Nelson Ferreira,1259
Nelson Gonçalves,1260
Nelson Nascimento,1261
Nelson Sargento,1262
Nelson da Rabeca,1263
Nena Queiroga,1264
Neo Pi Neo,1265
NervoChaos,1266
Nervosa,1267
Neto LX,1268
Neuman,1269
Neuza,1270
New Joint,1271
Ney Matogrosso,1272
Nho Djopoti Aka Birulex,1273
Nick Fussing Rosbach,1274
Nick Ørbæk Jacobsen,1275
Nickel in the Slot and Silent Movie Pianos,1276
Nicola Cruz,1277
Nicolas Krassik,1278
Nigga Poison,1279
NightPorter,1280
Nihad Hrustanbegovic,1281
Niko B,1282
Nilton Ramalho,1283
Nilze Carvalho,1284
Nive Nielsen & The Deer Children,1285
No Blues,1286
No Man's Land,1287
Noda de Caju,1288
Noel Rosa,1289
Noite Ilustrada,1290
Nokas,1291
Nonato Lima,1292
Noriel Vilela,1293
Novos Baianos,1294
Noção Rasta,1295
Nucho,1296
Nuuk Posse,1297
Nuutit,1298
Nuwance,1299
Ná Ozzetti,1300
Né Jah,1301
Nó Em Pingo D'água,1302
Núbia Lafayette,1303
O Bando De María,1304
O Rappa,1305
O Surto,1306
O Terno,1307
OCC,1308
ORTEUM,1309
Odair Jose,1310
Oficina De Cordas,1311
Ofincina De Cordas,1312
Olga Teresa Machado,1313
Olivan de Acordeon,1314
Olivan do acordeon,1315
Olodum,1316
Olodum Mirim,1317
Onda Vaga,1318
Onkora,1319
Onze:20,1320
Orchestra Super Mazembe,1321
Orelha Negra,1322
Orlandivo,1323
Orlando Dias,1324
Orlando Silva,1325
Orquestra Brasília,1326
Orquestra De Frevo De José Menezes,1327
Orquestra Do Fubá,1328
Orquestra Frevo do Mundo,1329
Orquestra Harmônicas de Curitiba,1330
Orquestra Nelson Ferreira,1331
Orquestra Popular da Bomba do Hemetério,1332
Orquídea,1333
Os 3 do Nordeste,1334
Os Aquamans,1335
Os Clones,1336
Os Feras do Baile,1337
Os Fulano,1338
Os Gonzagas,1339
Os Incríveis,1340
Os Ingênuos,1341
Os Mulheres Negras,1342
Os Mutantes,1343
Os Nonatos,1344
Os Originais Do Samba,1345
Os Paralamas Do Sucesso,1346
Os Primos,1347
Os Travessos,1348
Os Tres Do Nordeste,1349
Oscar Fuentes,1350
Osiris,1351
Osny Silva,1352
Osvaldo Oliveira,1353
Oswaldinho,1354
Oswaldinho do Acordeon,1355
Oswaldo Montenegro,1356
P-Lask,1357
POFO,1358
"Paco Pena, Eduardao Falu",1359
Padre Alfonso Maria Parente,1360
Painel de Controle,1361
Pandeiro do Mestre,1362
Panorama do Choro,1363
Paola Arias,1364
Paola Miranda,1365
Paolo Botti,1366
Papas Da Língua,1367
Papasito,1368
Papaver Cousins,1369
Papillon,1370
Paquera,1371
Passenger Of Life,1372
Pasto Seco,1373
Pat Muchmore,1374
Patrões da Pisadinha,1375
Paul Bellinati & Harvey Wainapel,1376
"Paul Eakins' ""Big Bertha"" Carousel Organ",1377
Paul P,1378
Paula Morelenbaum,1379
Paula Toller,1380
Paulinha,1381
Paulinho Da Viola,1382
Paulinho Leite,1383
Paulinho Mixaria,1384
Paulinho Moska,1385
Paulinho Nogueira,1386
Paulo & Mika,1387
Paulo Bellinati,1388
Paulo Diniz,1389
Paulo Leitão,1390
Paulo Moura,1391
Paulo Moura & Os Batutas,1392
Paulo Moura & Raphael Rabello,1393
Paulo Márcio,1394
Paulo Sérgio,1395
Paulo Sérgio Santos,1396
Paulynho Paixão,1397
Peand-eL,1398
Pedrinho Pegação,1399
Pedro Amorim,1400
Pedro Lima,1401
Pedro Mariano,1402
Pedro Sertanejo,1403
Pedro Simões,1404
Pegada Quente,1405
Peixelétrico,1406
Peninha,1407
Pepe Kalle,1408
Pepe Moreno,1409
Pepeu Gomes,1410
Perigo Publico,1411
Peter Hess,1412
Petrúcio Amorim,1413
Philip Monteiro,1414
Philippe Monteiro,1415
Phoenix Rdc,1416
Pholhas,1417
Piitsukkut,1418
Pile of Priests,1419
Pinto Do Acordeon,1420
Pique Novo,1421
Pisadinha De Luxo,1422
Pitanga em Pé de Amora,1423
Pitín Zalazar,1424
Pixinguinha,1425
Pixote,1426
Pj Taylor,1427
Planet Hemp,1428
Planta E Raiz,1429
Plínio Profeta,1430
Ponderosa Klik,1431
Ponto Br,1432
Ponto De Equilíbrio,1433
Positive Thoughts,1434
Power And Believing,1435
Power Switch Failure,1436
Praso,1437
Predawn Light,1438
Preservation,1439
Primero G,1440
Prisca Dávila,1441
Priscila Senna,1442
Pro'seeds,1443
Processo,1444
ProfJam,1445
Project46,1446
Pródigo,1447
Psydin,1448
Puk 2,1449
Pukuut,1450
Puro L,1451
Puto G,1452
Pyeng Threadgill,1453
Pé de Mulambo,1454
Quantic,1455
Quarteto Em Cy,1456
Quarteto Maogani,1457
Quarteto Novo,1458
Quarteto Roda de Choro,1459
Quatro,1460
Quelli Della Frisa,1461
Quininho De Valente,1462
Quinteto Armorial,1463
Quinteto Contrapunto,1464
Quinteto Violado,1465
Rabo De Lagartixa,1466
Rabo De Saia,1467
Radamés Gnattali,1468
Radiophon,1469
Rafael Rabello,1470
Rahiz,1471
Raimundo Soldado,1472
Raimundos,1473
Rainhas da Farra,1474
Raio da Silibrina,1475
Raiz Do Sana,1476
Raiz de Macauba,1477
Ranniery Gomes,1478
Raphael Rabello,1479
Raphael Rabello & Dino 7 Cordas,1480
Raptuss!,1481
Rare Amber,1482
Rasmus Lyberth,1483
Rasta Chinela,1484
Rastapé,1485
"Rastapé, Baião De Quatro",1486
Ratos De Porão,1487
Raízes Rasta,1488
Ready Neutro,1489
Rebekka Bakken,1490
Reginaldo Rossi,1491
Regula,1492
Rei Helder,1493
Reina Reech,1494
Renata Rosa,1495
Renato Borghetti,1496
Renato Braz,1497
Renato Grinberg,1498
Renato Russo,1499
Renato Teixeira,1500
Renato e Seus Blue Caps,1501
Renno,1502
Rey Guru,1503
Ricardo Tacuchian,1504
Riccardo Estate,1505
Ricky Boy,1506
Ricky Boy Djodje,1507
Rio 65 Trio,1508
Rita De Cássia,1509
Rita Lee,1510
Ritchie,1511
Rob Sonic,1512
Roberta Miranda,1513
Roberta Sá,1514
Roberto Luna,1515
Roberto Menescal,1516
Roberto Muller,1517
Roberto Ribeiro,1518
Roberto Silva,1519
Roberto Villar,1520
Robério e Seus Teclados,1521
Rodriguinho,1522
Roley,1523
Romain Frati,1524
Romim Mahta,1525
Ronaldo Adriano,1526
Ronaldo do Bandolim,1527
Rosa Passos,1528
Rosemary Standley,1529
Rosen & Gomorrha,1530
Rosinha De Valença,1531
Rosinha de Valença & Flavio Farias,1532
Roxana Carabajal,1533
Royal Mafia,1534
Royalistic,1535
Royalistick,1536
Ruas,1537
Rufus T. Firefly,1538
SP & Wilson,1539
Sa & Guarabyra,1540
Safari Sound,1541
Safari Sound Band,1542
Safari Sounds Band,1543
Sagas,1544
Saia Rodada,1545
Saint Legion,1546
Saisse e os Bois,1547
Salvação,1548
Sam Thacker,1549
Sam The Kid,1550
Sam The Kid & Daddy-O-Pop,1551
Samba de Coco Raizes de Arcoverde,1552
Sambalanço Trio,1553
Sambo Rouge,1554
Samprazer,1555
Samyra Show,1556
Sandocan,1557
Sandra De Sá,1558
Sandro Becker,1559
Sandro Lucio,1560
Sandy Paton,1561
Sanryse,1562
"Santanna ""O Cantador""",1563
Santero y Los Muchachos,1564
Sarcasmo,1565
Sarcófago,1566
Sauti Sol,1567
Sc Pires,1568
Scottish German Jazz Collective,1569
Scracho,1570
Seashell Radio,1571
Seba z Tian,1572
Sebastiao Do Rojao,1573
Sebastiao Tapajós,1574
Secos & Molhados,1575
Seeburg L Nickelodeon,1576
Sensei D.,1577
Sensimilla Dub,1578
Sentinela,1579
Serapicos,1580
Serelepe,1581
Serengeti,1582
Sergent Garcia,1583
Serial Funkers,1584
Setfire,1585
Seu Cuca,1586
Seven Year Existence,1587
Severino Araujo et son orchestre,1588
Severino Araújo & His Orchestra,1589
Shadow Of Good,1590
Shakespeare's Lawyer,1591
Sherwood Ball,1592
Shingaii,1593
Shotgun Six,1594
Shotgun21,1595
Show No Love,1596
ShrapKnel,1597
Shunyata,1598
Siba,1599
Signs In The Sky,1600
Siissisoq,1601
Silab & Jay Fella,1602
Silence 4,1603
Silent Empire,1604
Silvanno Salles,1605
Silvestre Gomes,1606
Silvio Caldas,1607
Silvério Pessoa,1608
Simba Wanyika,1609
Simon Lynge,1610
Simone,1611
Simple Mood,1612
Sincere Winds,1613
Sine Calmon,1614
Sinister,1615
Sins Of Sound,1616
Sir Scratch,1617
Sirano,1618
Sirano & Sirino,1619
Sislop,1620
Sivuca,1621
Skank,1622
Slow J,1623
Small Time Giants,1624
Smith's Cloud,1625
Sneako,1626
SnipeZ,1627
Soaren,1628
Solange Almeida,1629
Sole,1630
Solid Machine,1631
Solteirões do Forró,1632
Sons of Taiga,1633
Sorriso Maroto,1634
Soró Silva,1635
Soul Krioulo,1636
Speak The King's,1637
Speedy Loc,1638
Spok Frevo Orquestra,1639
Spring Taste,1640
Stone Of Life,1641
Studmuffin,1642
Suco de Pimenta,1643
Sume,1644
Summer Osborne,1645
Super Shor,1646
Surra,1647
Suzanna Lubrano,1648
Swing & Cia,1649
Swing & Simpatia,1650
Swing De Palha,1651
Swing Do Forró,1652
Sylvia Telles,1653
Synesthetic,1654
Synsonic,1655
Sérgio Ricardo,1656
Sérgio Sampaio,1657
Søren Huss,1658
TFDI,1659
TNT.Musik,1660
Taatsi,1661
Tacit,1662
Tahar,1663
Taiguara,1664
Tal M. Klein Presents The Disco Builders,1665
Tamas Christman,1666
Tamba Trio,1667
Tamrah Aeryn,1668
Tara Hugo,1669
Tara Perdida,1670
Targino Gondim,1671
Tarrak,1672
Tatua,1673
Taty Girl,1674
Tayara Andreza,1675
Taylor Berrett,1676
Tayrone Cigano,1677
Tea & Sympathy,1678
Tea Leaf Green,1679
Teco Cardoso,1680
Teitur,1681
Tekilla,1682
Tekilla & Kulpado,1683
Temenik Electric,1684
Teresa Cristina,1685
Terrorismo Sonico,1686
Tetê Espíndola,1687
Thais Nogueira,1688
The Ardvark Felon,1689
The Blue Hotel,1690
The Budwiggers,1691
The Clementines,1692
The Danny Giles Band,1693
The Dignitaries,1694
The Embla,1695
The Eskimos,1696
The Fevers,1697
The Flamingos Bite,1698
The Koreatown Oddity,1699
The Logan Kraft Band,1700
The Mears Brothers,1701
The Moshketeers,1702
The National Trust,1703
The Original Beverly Hillbillies,1704
The Party,1705
The Roger Girke Band,1706
The Saturday Morning Canasta Club,1707
The Vig,1708
The1921a,1709
Them Mushrooms,1710
Thiago Jhonathan (TJ),1711
Thomas Preston,1712
Thre4t,1713
Three Girl Rhumba,1714
Three Sheets,1715
Thullio Milionário,1716
Ti.po.ta,1717
Tihuana,1718
Tilhon,1719
Tim Rescala,1720
Timbalada,1721
Tina Dickow,1722
Tio Barnabé,1723
Tito B,1724
Tito Loc,1725
Tmar,1726
To Fly,1727
Toca do Vale,1728
Todos Tus Muertos,1729
Tok Tok Tok,1730
Tom,1731
Tom Zé,1732
Tomb Zero,1733
Ton Oliveira,1734
Toninho Carrasqueira,1735
Toninho Ferragutti,1736
Toninho Horta,1737
Tonino Carotone,1738
Tony Guerra,1739
Toquinho,1740
Torture Squad,1741
Trailer Park Ninjas,1742
Tranquilo,1743
Trator BR,1744
Tribalistas,1745
Tribo De Jah,1746
Tribruto,1747
Trio Alvorada,1748
Trio Caeté,1749
Trio Chapahall's,1750
Trio Curupira,1751
Trio Dona Zefa,1752
Trio Forrozão,1753
Trio Irakitan,1754
Trio Macaíba,1755
Trio Madeira Brasil,1756
Trio Maracá,1757
Trio Mocoto,1758
Trio Mossoro,1759
Trio Nordestino,1760
Trio Opus 12,1761
Trio Potiguá,1762
Trio Pé De Serra,1763
Trio Sabiá,1764
Trio Sucupira,1765
Trio Sudestino,1766
Trio Virgulino,1767
Trio Xamego,1768
Tropfenecho,1769
Tuatha de Danann,1770
Tulipa Ruiz,1771
Tumaat,1772
Turma do Bom Balanço,1773
Turma do Forró,1774
Turma do Pagode,1775
Twenty Fingers,1776
Twism,1777
Tó Semedo,1778
U-Melt,1779
U.N.I.T.,1780
Unleashed,1781
Uyarakq,1782
VELHA GUARDA DA PORTELA,1783
Vado Más Ki Ás,1784
Valas,1785
Vale Cuatro,1786
Valete,1787
Vander Lee,1788
Vanessa Da Mata,1789
Vanguart,1790
Vania Silva,1791
Vanusa,1792
Vavá Machado & Marcolino,1793
Vavá Machado e Zé de Almeida,1794
Velho,1795
Verônica Sabino,1796
Vicente Nery,1797
Victor Meira,1798
Vida Blue,1799
Vide Geiger,1800
Vik,1801
Vilão,1802
Vinicius Terra,1803
Vinyl Soup,1804
Vinícius de Moraes,1805
Virgilio,1806
Virgul,1807
Vital Remains,1808
Vitinho,1809
Vitor Araújo,1810
Vrz,1811
Vítor Fernandes,1812
Waldick Soriano,1813
Waldik Soriano,1814
Waldir Azevedo,1815
Waldonys,1816
Walkyria Santos,1817
Wallas Arrais,1818
Waltel Branco,1819
Walter Alfaiate,1820
Walter De Afogados,1821
Walter Franco,1822
Wanderley Andrade,1823
Wando,1824
Washington Brasileiro,1825
Wasted Potential,1826
Wet Bed Gang,1827
Wilson Das Neves,1828
Wilson Simonal,1829
Women Without Purses,1830
Woodwise,1831
X-It,1832
XEG,1833
Xamego de Menina,1834
Xangai,1835
Xaxado Novo,1836
Xeg & Gino,1837
Xibata feat. Toga,1838
Xizini,1839
YUZI,1840
Yamandu Costa & Guto Wirtti,1841
Yamandú Costa,1842
Yamina,1843
Yantz,1844
Yara Tchê e Alessandro,1845
Yari Ciani,1846
Yasmine Carvalho,1847
Yatu,1848
Yellow G,1849
Yola Semedo,1850
Youn Sun Nah,1851
Yvonne Chaka Chaka,1852
Zabé da Loca,1853
Zach Balch,1854
Zack Adams,1855
Zaíra,1856
Zeca Baleiro,1857
Zeca Bota Bom,1858
Zeca Bota Bom e Elson Vaqueiro,1859
Zeca Pagodinho,1860
Zenilton,1861
Zezinho Barros,1862
Zezo,1863
Zim,1864
Zimbo Trio,1865
Zinho E Banda Girassol,1866
Ziqo,1867
Zito Borborema,1868
Zizi Possi,1869
Zolarium,1870
Zona 5,1871
Zoufris Maracas,1872
Zé Américo Do Campo Do Brito,1873
Zé Calixto,1874
Zé Cantor,1875
Zé Da Velha & Silvério Pontes,1876
Zé Espanhol,1877
Zé Gonzaga,1878
Zé Keti,1879
Zé Lezin,1880
Zé Paulo Becker,1881
Zé Ramalho,1882
Zé Vaqueiro Estilizado,1883
Zé de Elias,1884
Zélia Duncan,1885
a clerestory,1886
drumfish,1887
iamsleepless,1888
koner,1889
models for the radio,1890
montefuji,1891
pixingiuinha,1892
vidro/pele,1893
vig,1894
Àlex Torío,1895
Água de Cheiro,1896
Água de Moringa,1897
Ângela Polícia,1898
Îva,1899
Ó Do Forró,1900
Виталий Кись,1901
